,Planet Name,Noise Estimate 0.5-0.6um
0,TOI-5704b,3.789247844963164e-05
1,TOI-672b,7.424829813771505e-05
2,TOI-199b,2.7897963740462042e-05
3,WASP-176b,3.92463977426854e-05
4,TOI-1801b,3.0617695958159885e-05
5,TOI-836c,1.5485854797468138e-05
6,TOI-3807b,6.943718541307382e-05
7,TOI-4087b,4.5547285128877055e-05
8,TOI-2818b,4.2954932373769726e-05
9,TOI-3235b,0.0002571474120264198
10,TOI-4463Ab,4.09085124904404e-05
11,TOI-3785b,0.000159120946145115
12,WASP-124b,7.971247032904182e-05
13,WASP-25b,4.7617033780063675e-05
14,LHS1140c,0.00018073236785853608
15,TOI-1199b,3.137231890296521e-05
16,TOI-1273b,3.08467315016096e-05
17,TOI-5803b,2.623070226609095e-05
18,TOI-3819b,6.785017734778387e-05
19,TOI-4791b,3.700031504332159e-05
20,TOI-4377b,3.336618878084441e-05
21,Wolf327b,5.183978513954666e-05
22,HD118203b,7.963188087712404e-06
23,TOI-1470b,0.00011151567109056969
24,V1298Taub,1.5217008092870163e-05
25,TOI-2109b,2.1007117538844655e-05
26,K2-138g,4.1684013734571995e-05
27,K2-141c,2.9070348491958945e-05
28,TRAPPIST-1b,0.0006579035428989152
29,TRAPPIST-1e,0.0005290801799236485
30,TRAPPIST-1f,0.0004982173183506464
31,TRAPPIST-1g,0.00047832075816669567
32,GJ3473b,0.0001300546233987419
33,TOI-2202b,7.051425561470981e-05
34,TOI-833b,3.633428223983925e-05
35,HD28109c,9.107674636295083e-06
36,TOI-2641b,5.6529110667827096e-05
37,TOI-1685b,6.418093085740301e-05
38,K2-87b,5.359039740879653e-05
39,WASP-178b,1.8562096451100158e-05
40,HIP29442b,1.531605032402811e-05
41,HD152843c,7.941084488974921e-06
42,K2-26b,9.31660461100982e-05
43,TOI-1246d,4.635290265528625e-05
44,WASP-62b,1.900510290878261e-05
45,WASP-80b,4.5658236309574084e-05
46,WASP-22b,4.587542061434263e-05
47,WASP-60b,6.359997072239851e-05
48,TOI-1296b,3.72710656756277e-05
49,HAT-P-59b,5.2924986732637354e-05
50,XO-5b,5.163524632126374e-05
51,WASP-99b,1.5003119732163501e-05
52,HATS-56b,2.9375957302584492e-05
53,WASP-70Ab,3.2348586408347495e-05
54,K2-417b,0.00011202645802785315
55,TOI-1759b,2.990605216635189e-05
56,WASP-150b,4.9623644206911884e-05
57,Qatar-4b,0.00010912682651050978
58,TOI-1201b,8.115580533834673e-05
59,HAT-P-35b,5.071366035974664e-05
60,TOI-561b,2.2362813793815433e-05
61,WASP-53b,6.557755973369517e-05
62,KELT-20b,6.787065928514374e-06
63,KELT-6b,1.849279996370065e-05
64,piMenc,2.821649498867625e-06
65,HATS-24b,6.023786539038509e-05
66,HD191939d,9.536589127754464e-06
67,WASP-147b,4.831605289039293e-05
68,WASP-97b,2.6360204545022553e-05
69,WASP-15b,2.707246913935472e-05
70,HATS-58Ab,3.252169708142519e-05
71,WASP-139b,6.218579081038139e-05
72,HAT-P-2b,1.0051760597985614e-05
73,TOI-163b,2.80833725864899e-05
74,TOI-1478b,2.4745708689674325e-05
75,WASP-136b,1.441363182318915e-05
76,HATS-4b,0.00010634955719808573
77,L98-59b,5.4861558740672126e-05
78,TOI-2076b,1.2635817780184199e-05
79,HAT-P-69b,1.517783173440547e-05
80,EPIC211945201b,1.9523150678970118e-05
81,K2-34b,4.072848910230342e-05
82,WASP-61b,4.790333029961122e-05
83,KELT-21b,2.6218914455824068e-05
84,HAT-P-16b,2.9199951913311298e-05
85,WASP-174b,5.410772404002439e-05
86,WASP-130b,3.189420607672088e-05
87,KOI-12b,2.130468841628348e-05
88,WASP-37b,7.090506754406199e-05
89,HD191939c,1.0822421114793141e-05
90,WASP-83b,5.0679613237633214e-05
91,WASP-46b,8.362991176764802e-05
92,XO-4b,2.6822698232166555e-05
93,WASP-170b,7.885882065045071e-05
94,HD191939b,1.2878808151515378e-05
95,HD86226c,7.675204650453686e-06
96,TOI-481b,1.958668385593537e-05
97,WASP-169b,3.605845522683513e-05
98,Kepler-138b,6.928906201932573e-05
99,TOI-4010d,5.2897878813281585e-05
100,WASP-33b,9.656881000126076e-06
101,HATS-1b,5.4582279981605134e-05
102,HD106315c,1.0307549801388859e-05
103,XO-6b,1.671168129900642e-05
104,HAT-P-26b,5.0537444962114396e-05
105,TOI-125b,2.9776363493659056e-05
106,TOI-431d,1.2298377238664221e-05
107,KELT-18b,1.8485989572933315e-05
108,TOI-892b,3.656459475210492e-05
109,DSTucAb,9.614131531972434e-06
110,WASP-105b,4.320773494166595e-05
111,TOI-776b,3.699471116466098e-05
112,HATS-42b,8.662771872087024e-05
113,WASP-177b,7.12415487603425e-05
114,HAT-P-13b,2.983979907885208e-05
115,WASP-103b,4.6066398202557776e-05
116,HATS-27b,5.4361973497923126e-05
117,WASP-141b,6.104917319394666e-05
118,K2-238b,6.402703640053551e-05
119,TOI-257b,4.6167660202463125e-06
120,WASP-181b,8.187225235573053e-05
121,WASP-135b,8.106116493370313e-05
122,WASP-81b,5.3516725715020095e-05
123,WASP-19b,7.21186174753069e-05
124,HAT-P-4b,3.059193842782357e-05
125,WASP-32b,4.5575001949750206e-05
126,WASP-73b,1.889323709238849e-05
127,LTT1445Ac,6.161124141881654e-05
128,WASP-64b,8.51687460519328e-05
129,HD110113b,1.9890398319941e-05
130,K2-30b,8.063061507246498e-05
131,WASP-21b,3.223503192496876e-05
132,HAT-P-21b,4.5804451157463355e-05
133,KOI-13b,3.016414905631508e-05
134,WASP-123b,2.8763117348489774e-05
135,KELT-12b,1.7348229668710557e-05
136,HATS-60b,5.6654065327701965e-05
137,WASP-133b,6.958771348662114e-05
138,HATS-65b,5.949972795734837e-05
139,HATS-40b,6.500535468381925e-05
140,HATS-33b,4.554473047432466e-05
141,HATS-68b,5.23763536618248e-05
142,HAT-P-57b,2.2059898963164918e-05
143,WASP-54b,1.8533219815084622e-05
144,HATS-25b,7.834268370148142e-05
145,TOI-776c,3.3213341279809624e-05
146,HAT-P-5b,4.5562291156134774e-05
147,Qatar-8b,3.5048787950173866e-05
148,WASP-18b,1.6044746002074585e-05
149,TrES-5b,9.648831381222066e-05
150,WASP-2b,5.523377320186827e-05
151,HAT-P-55b,9.408158648628629e-05
152,HAT-P-36b,6.25541618679605e-05
153,WASP-65b,5.676909156980133e-05
154,WASP-159b,4.0642812822733086e-05
155,WASP-93b,3.8239997666191445e-05
156,WASP-140b,4.431281898787963e-05
157,KELT-16b,5.638872664609746e-05
158,Kepler-5b,7.411489406381546e-05
159,WASP-129b,6.279347622047896e-05
160,WASP-145Ab,6.585606182771253e-05
161,WASP-167b,3.087424702831283e-05
162,K2-232b,1.4624457042399169e-05
163,TOI-157b,7.831565472766682e-05
164,WASP-76b,1.5839857390517523e-05
165,Qatar-2b,7.934463210658642e-05
166,LP791-18d,0.0004257564993667257
167,HATS-22b,0.00011499080163578462
168,HAT-P-51b,8.528782488766186e-05
169,TOI-837b,2.9046064919494317e-05
170,HAT-P-56b,3.6362939961872757e-05
171,WASP-57b,0.00010821792818784792
172,KELT-24b,7.668766670731932e-06
173,HATS-35b,5.4267207681200695e-05
174,WASP-94Ab,2.197704869182213e-05
175,HAT-P-24b,4.255398182675298e-05
176,WASP-31b,4.559343970002135e-05
177,WASP-183b,0.00010364295994792843
178,HAT-P-66b,6.787444101678451e-05
179,WASP-63b,3.0592058747244036e-05
180,HAT-P-33b,3.106965912036821e-05
181,WASP-48b,4.847512921387461e-05
182,HD219134b,4.652972175387364e-06
183,HATS-3b,4.061000719551972e-05
184,HAT-P-8b,1.890247072759048e-05
185,WASP-96b,7.659069130887676e-05
186,WASP-24b,3.61296797249886e-05
187,TOI-216.01,4.089053102371982e-05
188,KELT-3b,2.1412292646497616e-05
189,WASP-132b,4.951537045221779e-05
190,KELT-17b,1.4102093370663065e-05
191,KELT-10b,2.4277569636607386e-05
192,WASP-117b,1.6165988911122446e-05
193,HATS-51b,4.8199276822585956e-05
194,K2-333b,3.919304165683125e-05
195,WASP-126b,2.9492847307794024e-05
196,WASP-6b,5.521554060039026e-05
197,LHS3844b,0.0002691412690845746
198,KELT-7b,9.637398401515479e-06
199,K2-198b,3.320775421962272e-05
200,WASP-78b,4.109392377289811e-05
201,HAT-P-45b,3.2128560725759696e-05
202,TrES-2b,5.306872398845725e-05
203,CoRoT-2b,5.336609166618425e-05
204,HAT-P-27b,7.020805189084553e-05
205,G9-40b,0.0001297895130206684
206,WASP-41b,3.861262739689015e-05
207,TOI-640b,2.1883132555918787e-05
208,TOI-1259Ab,5.497731011132727e-05
209,WASP-138b,4.215263093805645e-05
210,WASP-74b,1.726385591999924e-05
211,HAT-P-25b,6.98187065817519e-05
212,HAT-P-62b,5.792597050574136e-05
213,WASP-29b,3.143880329044619e-05
214,WASP-82b,1.8231274528859754e-05
215,HAT-P-29b,3.638194145467118e-05
216,K2-31b,5.715518223379248e-05
217,HAT-P-37b,0.00010514474500833441
218,XO-2Nb,3.454006808952566e-05
219,HAT-P-32b,3.534982485941241e-05
220,KPS-1b,9.408874982332138e-05
221,XO-1b,3.348808521342994e-05
222,WASP-190b,4.132535571507433e-05
223,WASP-92b,6.926104763225873e-05
224,HAT-P-19b,6.758240896151639e-05
225,HAT-P-67b,1.4177038196946877e-05
226,K2-107b,6.308046639559521e-05
227,HAT-P-1b,2.399477282677486e-05
228,WASP-16b,3.1309621286725064e-05
229,K2-261b,2.0720820446825704e-05
230,GJ3470b,4.0878418979592927e-05
231,HAT-P-15b,2.6731230402392727e-05
232,K2-55b,8.627194261873284e-05
233,WASP-166b,1.4331248946115376e-05
234,HIP65Ab,5.6228274126873135e-05
235,WASP-101b,2.2033184709033686e-05
236,WASP-5b,6.295174031079234e-05
237,XO-3b,2.279472208214606e-05
238,K2-121b,7.62363088054908e-05
239,WASP-165b,5.836695835609541e-05
240,K2-25b,0.00035039213505335683
241,LTT3780c,8.555218114285882e-05
242,HAT-P-9b,4.8534603071336846e-05
243,HAT-P-28b,6.815101108408263e-05
244,HAT-P-49b,2.139550753443279e-05
245,K2-266d,4.2701614003309374e-05
246,WASP-98b,7.706482407656547e-05
247,WASP-85Ab,2.6621640250290483e-05
248,WASP-157b,6.666606332837133e-05
249,HAT-P-6b,2.4585255609015104e-05
250,WASP-153b,5.500198566617449e-05
251,HAT-P-31b,3.2249084007235015e-05
252,TOI-216.02,6.686699415206172e-05
253,WASP-47b,4.418834433599683e-05
254,HD63433b,4.8041174112652255e-06
255,Kepler-435b,4.113966231461396e-05
256,WASP-56b,5.3101735659756574e-05
257,WASP-42b,5.035348327106619e-05
258,GJ1214b,0.00010848933306073502
259,TOI-150.01,2.626109155838725e-05
260,TOI-451c,2.637630175965784e-05
261,TOI-2076d,1.2882183692259674e-05
262,TOI-1266c,7.812014167457106e-05
263,Qatar-10b,7.600929859233506e-05
264,TOI-270d,4.575953868044157e-05
265,WASP-72b,3.0752703549255976e-05
266,WASP-91b,5.462662908088201e-05
267,Kepler-7b,7.859235548843952e-05
268,WASP-28b,4.9817374241844356e-05
269,WASP-131b,1.9555648190281765e-05
270,HAT-P-20b,4.392939793119881e-05
271,WASP-35b,3.0761450411255526e-05
272,WASP-20b,2.5003332531156674e-05
273,WASP-158b,5.2307114271616074e-05
274,LP714-47b,4.622709562411299e-05
275,HIP67522b,1.4104369897910522e-05
276,TOI-1859b,2.397196174115201e-05
277,EPIC246851721b,3.1835645419073203e-05
278,WASP-26b,3.349193043087013e-05
279,Qatar-9b,0.0001563287419805912
280,HATS-26b,5.334535716846363e-05
281,KELT-9b,5.108965236475795e-06
282,WASP-104b,5.334447892699445e-05
283,KELT-23Ab,2.5147592837056286e-05
284,HATS-2b,0.0001082587914738075
285,WASP-69b,2.2441602569611833e-05
286,CoRoT-19b,6.3303547539692e-05
287,Kepler-18d,7.885231223735026e-05
288,HD209458b,6.427807698255571e-06
289,GJ357b,3.421533188313773e-05
290,WASP-43b,7.606548928311774e-05
291,HD189733b,8.468908221228026e-06
292,WASP-173Ab,4.4660019428516924e-05
293,WASP-172b,2.711145167296444e-05
294,TOI-1333b,1.2952743264145002e-05
295,TOI-4479b,0.0001556242935162747
296,WASP-148b,5.287941690434576e-05
297,AUMicb,8.265038337652187e-06
298,WASP-12b,3.881436724632263e-05
299,TOI-4515b,4.656065007098857e-05
300,LHS1678b,9.573642201935703e-05
301,LHS1678c,7.725754344391534e-05
302,LHS1678d,8.568276059602546e-05
303,TOI-1994b,2.014347636037582e-05
304,GJ806b,3.866786271478668e-05
305,Kepler-91b,6.770156811074583e-05
306,TOI-3688Ab,4.9260028241873554e-05
307,LHS1478b,0.00013926851253871281
308,Kepler-1658b,4.63473410073679e-05
309,GJ9827b,3.117731440391228e-05
310,GJ9827c,2.5893136487598263e-05
311,GJ9827d,3.159850523982302e-05
312,LTT1445Ab,3.526513135502333e-05
313,KELT-4Ab,2.013618127783614e-05
314,HAT-P-54b,8.476535698651432e-05
315,MASCARA-4b,7.89215791652367e-06
316,HATS-70b,6.997465144835935e-05
317,WASP-52b,7.55828266057822e-05
318,WASP-7b,1.606189274682285e-05
319,HAT-P-44b,8.219329970106424e-05
320,KELT-14b,3.9883333385909636e-05
321,WASP-192b,7.75703066605375e-05
322,WASP-162b,5.372698337362168e-05
323,TOI-169b,7.49244402508818e-05
324,GJ1132b,6.0701916550671304e-05
325,HD63433c,4.06121044723451e-06
326,HATS-52b,0.00010781227514385452
327,HATS-57b,6.42885026886263e-05
328,KELT-15b,3.192618447016907e-05
329,HD202772Ab,7.063948155555394e-06
330,HATS-10b,8.680677976534546e-05
331,K2-198d,3.320775421962272e-05
332,HATS-64b,5.211885653683922e-05
333,K2-260b,5.010913121774562e-05
334,WASP-180Ab,2.9234496726405862e-05
335,TOI-674b,8.41642154265152e-05
336,TrES-3b,5.230765009042573e-05
337,WASP-10b,6.493847994477567e-05
338,TOI-1789b,2.0665917258311725e-05
339,KELT-1b,2.6785991084372894e-05
340,WASP-107b,3.806559864531612e-05
341,WASP-36b,6.551870095496769e-05
342,Kepler-18c,8.099177162016052e-05
343,HAT-P-68b,0.00012777484317252717
344,TOI-1807b,3.327049980128382e-05
345,HAT-P-17b,2.217866653456573e-05
346,HATS-45b,8.56156861592854e-05
347,TOI-1728b,6.294109184625088e-05
348,HAT-P-3b,4.884188644735327e-05
349,WASP-95b,1.9522160600403257e-05
350,HATS-31b,5.610995057200535e-05
351,KELT-19Ab,1.4824210252484177e-05
352,WASP-87b,2.566940574006042e-05
353,Kepler-447b,8.691651663148703e-05
354,Kepler-1656b,3.068008732202807e-05
355,TOI-4010c,6.0304486421221685e-05
356,HATS-55b,8.868931254300995e-05
357,Kepler-450b,2.7955758984208675e-05
358,K2-155c,4.847289566474333e-05
359,WASP-13b,2.7695465082094783e-05
360,WASP-58b,4.067879083621399e-05
361,WASP-119b,4.917478034988001e-05
362,HAT-P-52b,0.0001123680918005011
363,WASP-4b,7.359446383966374e-05
364,HATS-5b,6.476236608224979e-05
365,Qatar-7b,6.189617742372781e-05
366,WASP-114b,6.639466962613265e-05
367,55Cnce,4.329093507809803e-06
368,WASP-160Bb,7.786613165200844e-05
369,WASP-142b,8.025570156803284e-05
370,HATS-29b,6.21055961884663e-05
371,K2-140b,5.862666607017294e-05
372,WASP-50b,6.143817925885875e-05
373,TOI-431b,1.2298377238664221e-05
374,TOI-172b,3.016113782030516e-05
375,TOI-2076c,1.1224465962875064e-05
376,WASP-90b,3.281260911492435e-05
377,TOI-269b,0.00010934589862811162
378,HAT-P-50b,4.240592029945379e-05
379,TrES-1b,4.2521893875873854e-05
380,WASP-106b,3.173146836218198e-05
381,K2-266b,0.00013653290783508472
382,TOI-201b,1.2312477304736472e-05
383,WASP-88b,2.611533381923953e-05
384,HATS-39b,6.847911047850574e-05
385,WASP-168b,5.8064313644726556e-05
386,HD2685b,1.589872578606761e-05
387,K2-237b,3.8137314761793084e-05
388,HD149026b,7.646166646781778e-06
389,HAT-P-39b,5.3640499350790746e-05
390,TOI-270c,4.575953868044157e-05
391,HAT-P-30b,3.196873338946461e-05
392,LP791-18b,0.0005512735616175385
393,HAT-P-12b,7.466981065133057e-05
394,TOI-421c,2.043475749753122e-05
395,TOI-700c,9.147453284680349e-05
396,TOI-451d,2.4584858764559796e-05
397,NGTS-2b,2.442320972668369e-05
398,WASP-89b,9.060970367484498e-05
399,WASP-161b,2.2823893051060038e-05
400,WASP-68b,1.808441220522562e-05
401,TOI-904b,4.9076960683228215e-05
402,KELT-8b,2.0668306234702438e-05
403,Qatar-5b,6.509764504404321e-05
404,HATS-13b,0.00010455003921556643
405,TOI-1518b,1.2749551180885854e-05
406,KOI-94d,4.813043036094665e-05
407,WASP-8b,1.5812179510737872e-05
408,WASP-3b,2.6301308646394864e-05
409,WASP-186b,3.0065676439827018e-05
410,WASP-175b,7.494907818154216e-05
411,WASP-164b,8.859575153851824e-05
412,HAT-P-38b,6.209984606811826e-05
413,HD332231b,7.27711154194695e-06
414,WASP-144b,0.00013039678640506877
415,TOI-125c,2.9812624554580232e-05
416,WASP-75b,4.740815723401726e-05
417,HAT-P-40b,2.4384905375049494e-05
418,WASP-66b,3.802423081020695e-05
419,WASP-17b,2.938498019458427e-05
420,WASP-79b,2.022623858236048e-05
421,WASP-14b,1.7071829850016527e-05
422,HD219666b,2.2946523014266025e-05
423,WASP-120b,2.738970524712061e-05
424,HATS-7b,9.076225520279954e-05
425,HAT-P-34b,2.216331780422376e-05
426,HATS-30b,5.882787852997591e-05
427,TOI-561c,2.0196239430561065e-05
428,TOI-905b,4.2488377318811026e-05
429,WASP-34b,3.2560851647353815e-05
430,WASP-67b,4.94543031901358e-05
431,WASP-11b,3.9736829143528e-05
432,HAT-P-41b,2.6489551572957647e-05
433,HAT-P-43b,9.06709864068389e-05
434,HAT-P-23b,6.31479656201617e-05
435,TOI-2158b,2.4364340448765783e-05
436,WASP-44b,0.0001003454091739795
437,WASP-55b,4.637505855621961e-05
438,WASP-156b,4.9881976976973374e-05
439,WASP-49b,4.4303017569032145e-05
440,TrES-4b,3.975699343312163e-05
441,HD89345b,1.0991946519671406e-05
442,GJ1252b,9.038957083714283e-05
443,WASP-23b,7.411553828315307e-05
444,HD108236d,1.2334158058620877e-05
445,WASP-113b,4.020383032322127e-05
446,L98-59c,4.709788976414116e-05
447,HAT-P-18b,6.684082394175101e-05
448,HAT-P-7b,2.606805577925387e-05
449,KELT-2Ab,1.0139189566669734e-05
450,HAT-P-46b,3.342925815521052e-05
451,TOI-677b,1.8406717294961762e-05
452,WASP-71b,2.0748666672674627e-05
453,HATS-72b,5.627536524777099e-05
454,WASP-118b,2.5956566381240363e-05
455,Kepler-6b,7.935791723239909e-05
456,KELT-11b,5.27587640740749e-06
457,HAT-P-65b,5.986020000112476e-05
458,CoRoT-11b,7.689071728248869e-05
459,L98-59d,5.9618951749108965e-05
460,LP791-18c,0.0003770369070285519
461,HD108236e,1.1897674588320229e-05
462,LTT3780b,0.00010507027073832462
463,K2-29b,6.69896890461176e-05
464,WASP-45b,8.152462234636998e-05
465,Kepler-105b,4.126028489062378e-05
466,HAT-P-11b,1.7226923580429285e-05
467,TOI-421b,3.197277439515769e-05
468,K2-19b,6.690442483104877e-05
469,TOI-1298b,3.861203023051902e-05
470,HAT-P-22b,1.8353274738656608e-05
471,HAT-P-42b,4.3075247733452686e-05
472,WASP-121b,2.750036033807978e-05
473,TOI-824b,4.9794661086050205e-05
474,TOI-270b,4.575953868044157e-05
475,XO-7b,2.573524055192317e-05
476,Qatar-1b,8.215387253036196e-05
477,HD97658b,7.723726620503238e-06
478,TOI-942c,4.150464855531009e-05
479,GJ3090b,5.069035395493312e-05
480,TOI-2134c,8.113484061899227e-06
481,TOI-3693b,4.642246728715363e-05
482,TOI-1470c,7.678192657331915e-05
483,TOI-1408b,1.6144826317202166e-05
484,HD260655b,2.2192104848410292e-05
485,HD63935b,9.91694761027215e-06
486,TOI-1420b,4.303396088104323e-05
487,HD260655c,2.4039995272403966e-05
488,HD109833b,1.361774518716148e-05
489,TOI-4010b,7.544020754520526e-05
490,TOI-1272b,4.460949059902833e-05
491,HAT-P-64b,4.2700654535947416e-05
492,TOI-178e,4.245579995024048e-05
493,TOI-178g,4.561045644573242e-05
494,TOI-1135b,1.3833076755368676e-05
495,TOI-2524b,6.83773516537927e-05
496,TOI-178d,4.3835894215708157e-05
497,Kepler-109c,4.324272740718774e-05
498,TOI-2207b,3.1722160722467553e-05
499,HAT-P-61b,9.752021593217817e-05
500,TOI-277b,8.56613957030354e-05
501,TOI-1820b,3.1574341561666584e-05
502,TOI-1710b,1.2334917040865038e-05
503,TOI-2421b,2.9354175048078945e-05
504,WASP-182b,5.1730813692482636e-05
505,TOI-1136c,1.5574419524032254e-05
506,TOI-1136d,1.3875132442991795e-05
507,NGTS-11b,5.420543195028972e-05
508,HIP94235b,1.0235470677977487e-05
509,TOI-2025b,3.619297575518937e-05
510,TOI-2018b,2.2678661049363634e-05
511,GJ486b,2.2754040851798794e-05
512,Gaia-2b,3.599752133419433e-05
513,TOI-2427b,2.024839021705153e-05
514,TOI-139b,1.9707577911650985e-05
515,LHS475b,9.226435809573266e-05
516,TOI-2583Ab,5.5233616254374405e-05
517,TOI-2796b,7.575888068961867e-05
518,TOI-3976Ab,4.835018345993805e-05
519,TOI-969b,6.003588646942824e-05
520,TOI-2000c,2.805223820243639e-05
521,TOI-2364b,5.847487020446177e-05
522,TOI-2498b,3.705387653051067e-05
523,TOI-2587Ab,3.435116138929593e-05
524,TOI-4145Ab,6.573387443560956e-05
525,HD23472f,1.795662247206354e-05
526,HD207496b,1.1711859501004957e-05
527,HD23472c,1.758634306546674e-05
528,TOI-1937Ab,0.00010403296039007608
529,TOI-2803Ab,6.0361680194268836e-05
530,TOI-2842b,6.978000253115577e-05
531,K2-415b,0.00012447029105839142
532,TOI-913b,2.3066466866467167e-05
533,TOI-2977b,5.6079148985662426e-05
534,TOI-444b,1.5566754022786147e-05
535,TOI-470b,3.747644946319662e-05
536,TOI-836b,1.817385847824981e-05
537,TOI-1416b,2.7806765767810627e-05
538,TOI-2459b,2.2621070869413066e-05
539,TOI-3023b,3.401061574243037e-05
540,TOI-3082b,6.646394654119093e-05
541,TOI-3912b,5.848797347331121e-05
542,TOI-4551b,1.635023116512771e-05
543,TOI-858Bb,3.1648369278087824e-05
544,HD183579b,1.0827781687207298e-05
545,HD1397b,4.1546969413179635e-06
546,NGTS-12b,3.874431214041355e-05
547,TOI-2570b,6.184768120778234e-05
548,TOI-778b,1.164352794517939e-05
549,TOI-1694b,3.606162389990226e-05
550,TOI-2443b,1.2264343146190451e-05
551,TOI-1452b,0.0001224707156563523
552,TOI-1516b,3.196195720762295e-05
553,TOI-1431b,8.904358183196502e-06
554,HATS-38b,5.7138211649538655e-05
555,K2-36c,6.296167109243601e-05
556,TOI-4600b,4.0934466293191116e-05
557,TOI-1181b,2.5516374646919798e-05
558,HAT-P-58b,4.7580479993648325e-05
559,K2-329b,5.967715722478191e-05
560,TOI-5678b,2.427700887707735e-05
561,TOI-620b,5.882304100607773e-05
562,TOI-5344b,0.00019805532832061127
563,HD73583b,1.878867049679601e-05
564,WASP-77Ab,2.7123793309843937e-05
565,LTT9779b,1.736768079059983e-05
566,TOI-3364b,3.0105502931598135e-05
567,TOI-1634b,0.00010330895274893067
568,TOI-4641b,5.271350065271368e-06
569,TRAPPIST-1d,0.0005651372276698592
570,TRAPPIST-1h,0.000452760624305269
571,TOI-244b,5.946704984427921e-05
572,TOI-544b,4.6691496964012806e-05
573,HD110067b,9.308553971277242e-06
574,HD110067c,8.508236973462975e-06
575,HD110067d,8.381034265651075e-06
576,HD110067f,7.2054872213549974e-06
577,TOI-1442b,0.00012494408738028634
578,TOI-622b,1.131724647187066e-05
579,K2-138f,5.078568866713318e-05
580,TRAPPIST-1c,0.0006093900955438412
581,TOI-122b,0.00016289547122965464
582,TOI-5126b,1.8789826906426547e-05
583,TOI-500b,4.4619779927776965e-05
584,TOI-1107b,2.2808605586329505e-05
585,K2-370b,3.141418819157761e-05
586,HD28109d,8.571791892634559e-06
587,HD110082b,1.4264064303942768e-05
588,TOI-3714b,0.00020520749476017099
589,TOI-3629b,0.00014417358598584217
590,TOI-1194b,4.4491538641116036e-05
591,TOI-5398b,1.7871911580914644e-05
592,TOI-5398c,2.0854985637393917e-05
593,TOI-1670c,1.5254284365732284e-05
594,K2-3b,4.472327953079644e-05
595,GJ367b,3.547806729111136e-05
596,K2-174b,3.8614823190111244e-05
597,TOI-628b,1.85687073255678e-05
598,TOI-712b,3.7826240348079404e-05
599,WASP-193b,4.0275074848983345e-05
600,TOI-1064c,3.225516385449049e-05
601,TOI-1842b,1.4547449536859822e-05
602,Kepler-1517b,2.495046884146404e-05
603,TOI-1231b,4.2569153988632194e-05
604,Qatar-6b,4.969395495319254e-05
605,TOI-559b,2.54308882829927e-05
606,Kepler-63b,4.4284909382291676e-05
607,K2-399b,6.179490735212406e-05
608,MASCARA-1b,8.092690562663955e-06
609,HD152843b,8.515529612907682e-06
610,WASP-189b,3.4327595934650933e-06
611,K2-403b,5.5158788289926596e-05
612,TOI-2193Ab,6.296766530339901e-05
613,TOI-1260b,5.677934582104568e-05
614,TOI-1260d,4.5627707959982225e-05
615,GPX-1b,6.254583553742082e-05
616,WASP-184b,5.442789358980217e-05
617,NGTS-9b,8.127418295321068e-05
618,WASP-171b,6.473616631996149e-05
619,TOI-4137b,3.458609951766698e-05
620,TOI-1468c,5.6886281886888706e-05
621,TOI-2567b,4.408964694545056e-05
622,TOI-1899b,9.85705972228857e-05
623,TOI-1468b,5.6886281886888706e-05
624,TOI-2236b,3.5158691553736515e-05
625,TOI-3331Ab,5.4154458872991895e-05
626,TOI-3540Ab,4.509689596044493e-05
627,TOI-1288b,3.030714585789913e-05
628,NGTS-24b,7.710969329141588e-05
629,TOI-1136f,1.26457591807676e-05
630,CoRoT-36b,6.348504797602962e-05
631,HATS-61b,6.183856247066194e-05
632,TOI-3362b,2.739883274661079e-05
633,TOI-2134b,1.0759463910730783e-05
634,HD3167c,1.0352299810588526e-05
635,HD3167b,1.6964094680924053e-05
636,TOI-2046b,4.176388413451115e-05
637,TOI-954b,1.8536891286525067e-05
638,TOI-181b,4.249092198512864e-05
639,TOI-1811b,6.231832512226264e-05
640,TOI-2145b,8.316854538574697e-06
641,TOI-2152Ab,2.3399659534664022e-05
642,TOI-1246b,4.635290265528625e-05
643,HD15906c,2.1285059057047447e-05
644,TOI-2497b,8.46295185896959e-06
645,TOI-2445b,0.00016870472428368065
646,TOI-1422b,2.249181069582521e-05
647,TOI-2154b,3.615804598895308e-05
648,HAT-P-60b,1.2962652401039916e-05
649,TOI-1386b,1.955260762420392e-05
650,K2-39b,2.1472215571165055e-05
651,Kepler-444e,1.2055742811133411e-05
652,Kepler-102e,3.6595769971858886e-05
653,TOI-615b,2.271967103105067e-05
654,K2-24c,1.7332236703912285e-05
655,Wolf503b,3.011300713390721e-05
656,K2-79b,3.446245368194569e-05
657,K2-99b,1.4360945218462628e-05
658,K2-32d,3.328260818043215e-05
659,TOI-942b,4.819589566805517e-05
660,HD221416b,7.924701262464915e-06
661,K2-32b,3.939986309689329e-05
662,K2-129b,6.28047348152442e-05
663,TOI-2136b,8.784899802588236e-05
664,HD15337c,1.5342542430605563e-05
665,WASP-187b,1.5252251699104695e-05
666,TOI-4406b,3.073082665420262e-05
667,TOI-2338b,5.776881305776783e-05
668,K2-353b,4.900427716341313e-05
669,TOI-1411b,1.9630827227396392e-05
670,NGTS-13b,5.018080496029636e-05
671,K2-280b,3.8472356000734175e-05
672,HD93963Ac,1.5632605339041763e-05
673,HATS-37Ab,5.51712830955439e-05
674,K2-33b,8.861590714572813e-05
675,TOI-251b,2.347959511038944e-05
676,TOI-1268b,2.356826404691107e-05
677,K2-139b,3.143632009437178e-05
678,Gaia-1b,7.758587032773014e-05
679,HATS-12b,4.0637539638715004e-05
680,K2-52b,4.252249765925631e-05
681,K2-406b,1.5808736985434934e-05
682,K2-24b,1.9670036204153346e-05
683,K2-32c,3.528079172504176e-05
684,TOI-1601b,1.846770978641695e-05
685,WASP-185b,2.6653012624203942e-05
686,K2-287b,2.7262086093165163e-05
687,Kepler-470b,1.478406381801307e-05
688,K2-289b,4.78251987956595e-05
689,HATS-9b,8.742695636348466e-05
690,WASP-163b,6.264317570484628e-05
691,TOI-540b,7.961263805583324e-05
692,TOI-1693b,5.217015401775471e-05
693,NGTS-8b,0.0001103057062766209
694,K2-405b,6.768437096937555e-05
695,TOI-532b,0.00015718269548404968
696,GJ3929b,7.23891694228068e-05
