,Planet Name,Noise Estimate 1.1-1.95um
0,TOI-5704b,1.2764183940172425e-05
1,TOI-672b,1.7461833711080307e-05
2,TOI-199b,1.1497055787246838e-05
3,WASP-176b,1.8915324616269972e-05
4,TOI-1801b,7.580019496808553e-06
5,TOI-836c,5.146633910258153e-06
6,TOI-3807b,3.2323112148651255e-05
7,TOI-4087b,2.246691599710055e-05
8,TOI-2818b,1.9778096013533342e-05
9,TOI-3235b,4.821719043518815e-05
10,TOI-4463Ab,1.8503141016433525e-05
11,TOI-3785b,3.3608414212002135e-05
12,WASP-124b,3.924444944331879e-05
13,WASP-25b,2.2062057600845717e-05
14,LHS1140c,2.490500019143724e-05
15,TOI-1199b,1.441057409628621e-05
16,TOI-1273b,1.4107412440949222e-05
17,TOI-5803b,1.046489186733235e-05
18,TOI-3819b,3.216345389518839e-05
19,TOI-4791b,1.8244032326669492e-05
20,TOI-4377b,1.2718650421670967e-05
21,Wolf327b,1.0725645944916323e-05
22,HD118203b,3.784908846210456e-06
23,TOI-1470b,2.5435175519417644e-05
24,V1298Taub,5.793633402069466e-06
25,TOI-2109b,1.1270137570650705e-05
26,K2-138g,1.7629542023202278e-05
27,K2-141c,9.823378428645468e-06
28,TRAPPIST-1b,5.876310483556003e-05
29,TRAPPIST-1e,4.725676645892035e-05
30,TRAPPIST-1f,4.450013505038825e-05
31,TRAPPIST-1g,4.272299968673788e-05
32,GJ3473b,2.3700915454379098e-05
33,TOI-2202b,2.8209397828420913e-05
34,TOI-833b,9.256237445959424e-06
35,HD28109c,4.543589131452203e-06
36,TOI-2641b,2.80956320500637e-05
37,TOI-1685b,1.2400962724661182e-05
38,K2-87b,2.4813697656926575e-05
39,WASP-178b,1.27491735264239e-05
40,HIP29442b,6.367842530368217e-06
41,HD152843c,4.099545981471418e-06
42,K2-26b,2.2146800547624083e-05
43,TOI-1246d,1.8579124373194126e-05
44,WASP-62b,9.673661188803468e-06
45,WASP-80b,1.2903832438023518e-05
46,WASP-22b,2.2368704902822307e-05
47,WASP-60b,3.040168116196353e-05
48,TOI-1296b,1.6718047318074753e-05
49,HAT-P-59b,2.414092916142832e-05
50,XO-5b,2.223910022049672e-05
51,WASP-99b,7.52641845708976e-06
52,HATS-56b,1.574981517962064e-05
53,WASP-70Ab,1.502951546776819e-05
54,K2-417b,2.770610692963305e-05
55,TOI-1759b,7.814031002904584e-06
56,WASP-150b,2.520425025412576e-05
57,Qatar-4b,4.450078049584863e-05
58,TOI-1201b,1.6112220993774744e-05
59,HAT-P-35b,2.5186348350724367e-05
60,TOI-561b,9.385992867925705e-06
61,WASP-53b,2.4842079141102556e-05
62,KELT-20b,4.693359841623613e-06
63,KELT-6b,9.194589599035808e-06
64,piMenc,1.3857113337102251e-06
65,HATS-24b,3.1291763776747315e-05
66,HD191939d,4.024944345536369e-06
67,WASP-147b,2.2154874803514965e-05
68,WASP-97b,1.1922862803495042e-05
69,WASP-15b,1.3951677230028982e-05
70,HATS-58Ab,1.9128312652294544e-05
71,WASP-139b,2.599418125724875e-05
72,HAT-P-2b,5.171072237436815e-06
73,TOI-163b,1.4957101576442103e-05
74,TOI-1478b,1.1084648660632161e-05
75,WASP-136b,7.3759055353519916e-06
76,HATS-4b,4.550302751627064e-05
77,L98-59b,1.0468509534847534e-05
78,TOI-2076b,5.114327775643586e-06
79,HAT-P-69b,9.177171972975562e-06
80,EPIC211945201b,9.565682719942738e-06
81,K2-34b,2.0363813207955684e-05
82,WASP-61b,2.4470150287407015e-05
83,KELT-21b,1.6240095198834174e-05
84,HAT-P-16b,1.4669947258044036e-05
85,WASP-174b,2.8362173454772393e-05
86,WASP-130b,1.437749263621667e-05
87,KOI-12b,1.1931088263946848e-05
88,WASP-37b,3.320217680029777e-05
89,HD191939c,4.5676333631935395e-06
90,WASP-83b,2.224923616344323e-05
91,WASP-46b,3.748691505109806e-05
92,XO-4b,1.4055170199891778e-05
93,WASP-170b,3.534828446269879e-05
94,HD191939b,5.435537313422584e-06
95,HD86226c,3.6413144949182126e-06
96,TOI-481b,9.045769364052913e-06
97,WASP-169b,1.7955094677299773e-05
98,Kepler-138b,1.696146314609869e-05
99,TOI-4010d,2.0080490243240718e-05
100,WASP-33b,5.864509729708029e-06
101,HATS-1b,2.593238924295948e-05
102,HD106315c,5.336946044316033e-06
103,XO-6b,9.220769401029045e-06
104,HAT-P-26b,1.9855895992842883e-05
105,TOI-125b,1.2478532313609553e-05
106,TOI-431d,4.514998715231284e-06
107,KELT-18b,1.0122299068715645e-05
108,TOI-892b,1.871456056466996e-05
109,DSTucAb,4.138755548771098e-06
110,WASP-105b,1.693302932371833e-05
111,TOI-776b,8.437979725729188e-06
112,HATS-42b,4.273048709742561e-05
113,WASP-177b,2.7499361839558244e-05
114,HAT-P-13b,1.35358773213538e-05
115,WASP-103b,2.2938490735830515e-05
116,HATS-27b,2.868228396960734e-05
117,WASP-141b,2.918236404140695e-05
118,K2-238b,2.8894988146541864e-05
119,TOI-257b,2.292431866519777e-06
120,WASP-181b,3.8650722452934415e-05
121,WASP-135b,3.6950385929965106e-05
122,WASP-81b,2.542613761679267e-05
123,WASP-19b,3.244429579429671e-05
124,HAT-P-4b,1.4504670684169765e-05
125,WASP-32b,2.2651311339130546e-05
126,WASP-73b,9.276680765225112e-06
127,LTT1445Ac,1.1173623860486838e-05
128,WASP-64b,3.641366749491532e-05
129,HD110113b,9.180097336395656e-06
130,K2-30b,3.598630383276298e-05
131,WASP-21b,1.5483429604296917e-05
132,HAT-P-21b,2.047573619078248e-05
133,KOI-13b,1.879465033916656e-05
134,WASP-123b,1.3298045409958034e-05
135,KELT-12b,8.907470889541586e-06
136,HATS-60b,2.5898751598929773e-05
137,WASP-133b,3.189487086791144e-05
138,HATS-65b,3.053945553993137e-05
139,HATS-40b,3.442324522079639e-05
140,HATS-33b,2.0687473192950725e-05
141,HATS-68b,2.6260422279728528e-05
142,HAT-P-57b,1.1427894553222229e-05
143,WASP-54b,9.211227958056647e-06
144,HATS-25b,3.602507708775736e-05
145,TOI-776c,7.575501781737623e-06
146,HAT-P-5b,2.204230130868816e-05
147,Qatar-8b,1.6197129938643464e-05
148,WASP-18b,8.457017179171143e-06
149,TrES-5b,3.888524735446866e-05
150,WASP-2b,2.2313677281471017e-05
151,HAT-P-55b,4.4128853259497334e-05
152,HAT-P-36b,2.7784215539479236e-05
153,WASP-65b,2.544661435393739e-05
154,WASP-159b,2.0275674086677297e-05
155,WASP-93b,2.1035231968749406e-05
156,WASP-140b,1.8285648869384278e-05
157,KELT-16b,2.8732881768327325e-05
158,Kepler-5b,3.817475892295203e-05
159,WASP-129b,3.0016165438799845e-05
160,WASP-145Ab,2.4552566603367596e-05
161,WASP-167b,1.773798499370702e-05
162,K2-232b,6.973713624902866e-06
163,TOI-157b,3.351659685029071e-05
164,WASP-76b,8.09137252990121e-06
165,Qatar-2b,2.7242268935990666e-05
166,LP791-18d,5.723278999206615e-05
167,HATS-22b,4.159528252675809e-05
168,HAT-P-51b,3.690253974041669e-05
169,TOI-837b,1.429190043877141e-05
170,HAT-P-56b,1.958971043798207e-05
171,WASP-57b,4.850843669732328e-05
172,KELT-24b,4.093676243280193e-06
173,HATS-35b,2.796636545583694e-05
174,WASP-94Ab,1.1065518335387046e-05
175,HAT-P-24b,2.220785702734378e-05
176,WASP-31b,2.349637749062179e-05
177,WASP-183b,4.3356811079876164e-05
178,HAT-P-66b,3.310824717502199e-05
179,WASP-63b,1.355647201308442e-05
180,HAT-P-33b,1.6414681669403045e-05
181,WASP-48b,2.326535158746301e-05
182,HD219134b,1.6269941951090196e-06
183,HATS-3b,2.111380241751232e-05
184,HAT-P-8b,9.569579174247008e-06
185,WASP-96b,3.386148510668456e-05
186,WASP-24b,1.787239953207803e-05
187,TOI-216.01,1.5824892762670522e-05
188,KELT-3b,1.1046291025300117e-05
189,WASP-132b,1.740055892111038e-05
190,KELT-17b,8.58876539407678e-06
191,KELT-10b,1.1717199036535027e-05
192,WASP-117b,7.940638336397638e-06
193,HATS-51b,2.2370055689204127e-05
194,K2-333b,1.865891751336919e-05
195,WASP-126b,1.381039133837719e-05
196,WASP-6b,2.3896554746506584e-05
197,LHS3844b,3.865504032577203e-05
198,KELT-7b,5.372613463693422e-06
199,K2-198b,1.3534216643912587e-05
200,WASP-78b,2.0424162845954965e-05
201,HAT-P-45b,1.6643857015567328e-05
202,TrES-2b,2.5109967798324326e-05
203,CoRoT-2b,2.405673896094399e-05
204,HAT-P-27b,2.939250335375333e-05
205,G9-40b,2.3668945991092048e-05
206,WASP-41b,1.70908574494791e-05
207,TOI-640b,1.1588098270296638e-05
208,TOI-1259Ab,1.9709189272886966e-05
209,WASP-138b,2.1616639143937914e-05
210,WASP-74b,8.401386934123998e-06
211,HAT-P-25b,3.071651373589363e-05
212,HAT-P-62b,2.6135749773979563e-05
213,WASP-29b,1.1361402869884002e-05
214,WASP-82b,9.686110243795707e-06
215,HAT-P-29b,1.8133110326495692e-05
216,K2-31b,2.370785387876333e-05
217,HAT-P-37b,4.6051644381113366e-05
218,XO-2Nb,1.4548394435284544e-05
219,HAT-P-32b,1.7239816308140216e-05
220,KPS-1b,3.785658257386887e-05
221,XO-1b,1.551579353584282e-05
222,WASP-190b,2.1665569176473138e-05
223,WASP-92b,3.55684330924796e-05
224,HAT-P-19b,2.5882715766652417e-05
225,HAT-P-67b,7.4400873504220115e-06
226,K2-107b,3.0937105965180314e-05
227,HAT-P-1b,1.1654108902455896e-05
228,WASP-16b,1.4350469038694594e-05
229,K2-261b,9.0818060533799e-06
230,GJ3470b,9.02826588723733e-06
231,HAT-P-15b,1.189491018831513e-05
232,K2-55b,2.6049398264753717e-05
233,WASP-166b,7.055633483742781e-06
234,HIP65Ab,1.8940646348796006e-05
235,WASP-101b,1.1512262756016893e-05
236,WASP-5b,2.8853335273173492e-05
237,XO-3b,1.2008845367785853e-05
238,K2-121b,2.4602339884486935e-05
239,WASP-165b,2.615691303806675e-05
240,K2-25b,5.7709501610138835e-05
241,LTT3780c,1.5418592549010266e-05
242,HAT-P-9b,2.522959842441027e-05
243,HAT-P-28b,3.109973804297071e-05
244,HAT-P-49b,1.1981948942757105e-05
245,K2-266d,1.2815303099705995e-05
246,WASP-98b,3.353726318241748e-05
247,WASP-85Ab,1.3261047231161862e-05
248,WASP-157b,3.146558348454585e-05
249,HAT-P-6b,1.3253183837689971e-05
250,WASP-153b,2.636607042459248e-05
251,HAT-P-31b,1.592251634702878e-05
252,TOI-216.02,2.587794742026396e-05
253,WASP-47b,1.9699159371096417e-05
254,HD63433b,2.1961467860562164e-06
255,Kepler-435b,2.0679808955764043e-05
256,WASP-56b,2.3802730526295076e-05
257,WASP-42b,2.0451673929006823e-05
258,GJ1214b,1.4440504572557983e-05
259,TOI-150.01,1.3426707986893265e-05
260,TOI-451c,1.1688314263768971e-05
261,TOI-2076d,5.214043998923992e-06
262,TOI-1266c,1.64702556536357e-05
263,Qatar-10b,3.794738270800097e-05
264,TOI-270d,9.258774887851173e-06
265,WASP-72b,1.570920587123514e-05
266,WASP-91b,2.0489927947792415e-05
267,Kepler-7b,3.78182463162538e-05
268,WASP-28b,2.4991229269053942e-05
269,WASP-131b,9.590847925670685e-06
270,HAT-P-20b,1.4823728607991691e-05
271,WASP-35b,1.4969937698590152e-05
272,WASP-20b,1.2048289483515598e-05
273,WASP-158b,2.71906517062253e-05
274,LP714-47b,1.1950812701420195e-05
275,HIP67522b,6.429242800211605e-06
276,TOI-1859b,1.2442007827256911e-05
277,EPIC246851721b,1.612297345321956e-05
278,WASP-26b,1.643839423216594e-05
279,Qatar-9b,4.737499089379162e-05
280,HATS-26b,2.636853308689015e-05
281,KELT-9b,3.9133658356511705e-06
282,WASP-104b,2.32256741117889e-05
283,KELT-23Ab,1.2018472104910686e-05
284,HATS-2b,4.428746151058908e-05
285,WASP-69b,7.849724089854191e-06
286,CoRoT-19b,3.140348103189799e-05
287,Kepler-18d,3.325473416256996e-05
288,HD209458b,3.189293179819494e-06
289,GJ357b,6.918636490119255e-06
290,WASP-43b,2.4808110588513323e-05
291,HD189733b,3.3001517627820523e-06
292,WASP-173Ab,2.076722372476643e-05
293,WASP-172b,1.5359346835909954e-05
294,TOI-1333b,6.644747085302329e-06
295,TOI-4479b,2.9400845794172485e-05
296,WASP-148b,2.345995157169335e-05
297,AUMicb,1.8526487607987552e-06
298,WASP-12b,2.02113580558775e-05
299,TOI-4515b,2.0068112890206252e-05
300,LHS1678b,1.9176756813516808e-05
301,LHS1678c,1.547529238489943e-05
302,LHS1678d,1.7162929514208678e-05
303,TOI-1994b,1.2621504886315952e-05
304,GJ806b,8.284909797360412e-06
305,Kepler-91b,2.2484119345610113e-05
306,TOI-3688Ab,2.378404442748599e-05
307,LHS1478b,2.5976878849376713e-05
308,Kepler-1658b,2.353171826169681e-05
309,GJ9827b,9.295604445949637e-06
310,GJ9827c,7.720111858752528e-06
311,GJ9827d,9.42118368462819e-06
312,LTT1445Ab,6.382260087832401e-06
313,KELT-4Ab,1.0205227279616327e-05
314,HAT-P-54b,2.652297194287652e-05
315,MASCARA-4b,4.9995847090339684e-06
316,HATS-70b,4.494342778584263e-05
317,WASP-52b,2.903140965766975e-05
318,WASP-7b,8.420739335207841e-06
319,HAT-P-44b,3.4225708596378776e-05
320,KELT-14b,1.8683710209661128e-05
321,WASP-192b,3.7154619668878944e-05
322,WASP-162b,2.2400925556903203e-05
323,TOI-169b,3.566982533831722e-05
324,GJ1132b,1.0475176722995621e-05
325,HD63433c,1.8565354481715428e-06
326,HATS-52b,5.267122844397614e-05
327,HATS-57b,2.8732012464334522e-05
328,KELT-15b,1.5576198223973607e-05
329,HD202772Ab,3.6225216507723704e-06
330,HATS-10b,4.1326737471024356e-05
331,K2-198d,1.3534216643912587e-05
332,HATS-64b,2.802413631838208e-05
333,K2-260b,2.612397102876537e-05
334,WASP-180Ab,1.5834437661541632e-05
335,TOI-674b,1.711474820192365e-05
336,TrES-3b,2.3711870548521383e-05
337,WASP-10b,2.2524643959455658e-05
338,TOI-1789b,1.0058952838104937e-05
339,KELT-1b,1.4499192815859368e-05
340,WASP-107b,1.2094692827667034e-05
341,WASP-36b,3.169062245623536e-05
342,Kepler-18c,3.415701782437069e-05
343,HAT-P-68b,4.179492056459628e-05
344,TOI-1807b,1.1753794708924076e-05
345,HAT-P-17b,9.11855893695441e-06
346,HATS-45b,4.526238626556877e-05
347,TOI-1728b,1.6508781597849835e-05
348,HAT-P-3b,1.975804398333038e-05
349,WASP-95b,9.198953751898778e-06
350,HATS-31b,2.7624336686601452e-05
351,KELT-19Ab,9.078074367114502e-06
352,WASP-87b,1.357062718218038e-05
353,Kepler-447b,3.800497556978647e-05
354,Kepler-1656b,1.4156853163908403e-05
355,TOI-4010c,2.289210226140374e-05
356,HATS-55b,4.501359311820311e-05
357,Kepler-450b,1.4168271047601719e-05
358,K2-155c,1.4386929347637372e-05
359,WASP-13b,1.3372103010539721e-05
360,WASP-58b,1.9048348053924377e-05
361,WASP-119b,2.229169201622679e-05
362,HAT-P-52b,4.479290387382572e-05
363,WASP-4b,3.2233147523390335e-05
364,HATS-5b,2.702970823689828e-05
365,Qatar-7b,3.237896395062228e-05
366,WASP-114b,3.1993423229532214e-05
367,55Cnce,1.7742599157309639e-06
368,WASP-160Bb,3.2448845942275625e-05
369,WASP-142b,3.920858163489363e-05
370,HATS-29b,2.827858328706478e-05
371,K2-140b,2.6189644416718636e-05
372,WASP-50b,2.6267727713883782e-05
373,TOI-431b,4.514998715231284e-06
374,TOI-172b,1.3657285391668878e-05
375,TOI-2076c,4.543085302379307e-06
376,WASP-90b,1.7289411584909868e-05
377,TOI-269b,2.2235430015588577e-05
378,HAT-P-50b,2.1777206531794354e-05
379,TrES-1b,1.74090270406127e-05
380,WASP-106b,1.5637129039372377e-05
381,K2-266b,4.097528015815121e-05
382,TOI-201b,6.44850440102591e-06
383,WASP-88b,1.3762822268187367e-05
384,HATS-39b,3.692680188873946e-05
385,WASP-168b,2.831196923996679e-05
386,HD2685b,8.878847676958368e-06
387,K2-237b,1.9858804319767207e-05
388,HD149026b,3.842817796678431e-06
389,HAT-P-39b,2.826391121924198e-05
390,TOI-270c,9.258774887851173e-06
391,HAT-P-30b,1.648645425978427e-05
392,LP791-18b,7.410556040169455e-05
393,HAT-P-12b,2.568108963934944e-05
394,TOI-421c,8.57458390558801e-06
395,TOI-700c,1.798710648419559e-05
396,TOI-451d,1.0894459655070216e-05
397,NGTS-2b,1.29715714089253e-05
398,WASP-89b,3.6109483934749617e-05
399,WASP-161b,1.1965840952066836e-05
400,WASP-68b,8.663815405122319e-06
401,TOI-904b,1.157430868757884e-05
402,KELT-8b,9.584297454169502e-06
403,Qatar-5b,3.014184182996316e-05
404,HATS-13b,4.603958480875737e-05
405,TOI-1518b,7.619817873755547e-06
406,KOI-94d,2.4287005461193143e-05
407,WASP-8b,7.0877729936939545e-06
408,WASP-3b,1.3788939309780218e-05
409,WASP-186b,1.565843066618857e-05
410,WASP-175b,3.814249839351535e-05
411,WASP-164b,4.153832056896735e-05
412,HAT-P-38b,2.6090635893981056e-05
413,HD332231b,3.6093327247971114e-06
414,WASP-144b,5.296222592170133e-05
415,TOI-125c,1.2493728421103575e-05
416,WASP-75b,2.3562411049508795e-05
417,HAT-P-40b,1.2073992729677381e-05
418,WASP-66b,2.059526859747364e-05
419,WASP-17b,1.604065101041617e-05
420,WASP-79b,1.0955246363812808e-05
421,WASP-14b,9.06266555339813e-06
422,HD219666b,1.011417606732006e-05
423,WASP-120b,1.4480096746392719e-05
424,HATS-7b,3.470922771622152e-05
425,HAT-P-34b,1.1701518436915936e-05
426,HATS-30b,2.8364170663853524e-05
427,TOI-561c,8.575211933886238e-06
428,TOI-905b,1.8915247909183702e-05
429,WASP-34b,1.4923958650275764e-05
430,WASP-67b,2.008646110510645e-05
431,WASP-11b,1.4360156157997386e-05
432,HAT-P-41b,1.3864185286669027e-05
433,HAT-P-43b,4.10567912086083e-05
434,HAT-P-23b,3.0216125438718725e-05
435,TOI-2158b,1.11011819231793e-05
436,WASP-44b,4.311322722884495e-05
437,WASP-55b,2.216793070939337e-05
438,WASP-156b,1.865370824376254e-05
439,WASP-49b,1.9858725437040122e-05
440,TrES-4b,2.0470685312863307e-05
441,HD89345b,4.951683131459011e-06
442,GJ1252b,1.773943933473238e-05
443,WASP-23b,2.9698803455924048e-05
444,HD108236d,5.6901791475441865e-06
445,WASP-113b,1.9179097912171362e-05
446,L98-59c,8.987070717361634e-06
447,HAT-P-18b,2.4178133525709977e-05
448,HAT-P-7b,1.3760806688301296e-05
449,KELT-2Ab,5.249774067850463e-06
450,HAT-P-46b,1.6677013627741035e-05
451,TOI-677b,9.477530488361564e-06
452,WASP-71b,1.0232656546310993e-05
453,HATS-72b,1.9395028716133194e-05
454,WASP-118b,1.3631132450176048e-05
455,Kepler-6b,3.5950142444085105e-05
456,KELT-11b,2.24178057282134e-06
457,HAT-P-65b,2.823574431571724e-05
458,CoRoT-11b,4.058232686608196e-05
459,L98-59d,1.1376300257769815e-05
460,LP791-18c,5.068360471612272e-05
461,HD108236e,5.488814033756259e-06
462,LTT3780b,1.9319877404810633e-05
463,K2-29b,2.7368487371291124e-05
464,WASP-45b,3.2667694143073185e-05
465,Kepler-105b,2.1620506692286578e-05
466,HAT-P-11b,6.185749328617554e-06
467,TOI-421b,1.3416025943974955e-05
468,K2-19b,2.8534353592818384e-05
469,TOI-1298b,1.8415995731929922e-05
470,HAT-P-22b,7.656137714433697e-06
471,HAT-P-42b,1.9927809632259982e-05
472,WASP-121b,1.4560266284241955e-05
473,TOI-824b,1.6832372979654944e-05
474,TOI-270b,9.258774887851173e-06
475,XO-7b,1.3146167501286278e-05
476,Qatar-1b,3.167482353656466e-05
477,HD97658b,3.068697120833455e-06
478,TOI-942c,1.5797565586672096e-05
479,GJ3090b,1.057784430698744e-05
480,TOI-2134c,2.72343914344767e-06
481,TOI-3693b,1.9459447434753288e-05
482,TOI-1470c,1.7512890879034152e-05
483,TOI-1408b,8.328881591383927e-06
484,HD260655b,5.325890389253625e-06
485,HD63935b,4.378257663680948e-06
486,TOI-1420b,1.889266112196209e-05
487,HD260655c,5.769366207197352e-06
488,HD109833b,6.484420295817594e-06
489,TOI-4010b,2.8637752317191105e-05
490,TOI-1272b,1.7059525064099096e-05
491,HAT-P-64b,2.260070050183663e-05
492,TOI-178e,1.2902393215546249e-05
493,TOI-178g,1.3861098942738268e-05
494,TOI-1135b,6.903545143766693e-06
495,TOI-2524b,3.2226489796527073e-05
496,TOI-178d,1.332180632066862e-05
497,Kepler-109c,2.0858004467877524e-05
498,TOI-2207b,1.5769246482411363e-05
499,HAT-P-61b,4.35840304643407e-05
500,TOI-277b,2.301505129182166e-05
501,TOI-1820b,1.4578919531748726e-05
502,TOI-1710b,5.610259926005959e-06
503,TOI-2421b,1.3178843749470308e-05
504,WASP-182b,2.3387664552660478e-05
505,TOI-1136c,7.246835870716568e-06
506,TOI-1136d,6.4561512128050936e-06
507,NGTS-11b,2.112269340157898e-05
508,HIP94235b,4.982025019197843e-06
509,TOI-2025b,1.756834602614613e-05
510,TOI-2018b,6.4964319338894454e-06
511,GJ486b,4.126602352578192e-06
512,Gaia-2b,1.657104776526014e-05
513,TOI-2427b,5.543852307330279e-06
514,TOI-139b,6.591837714337558e-06
515,LHS475b,1.626887259790669e-05
516,TOI-2583Ab,2.6594060150876714e-05
517,TOI-2796b,3.5205923481420856e-05
518,TOI-3976Ab,2.3460323103120463e-05
519,TOI-969b,1.9111565369025844e-05
520,TOI-2000c,1.2605730413560148e-05
521,TOI-2364b,2.4418006891559896e-05
522,TOI-2498b,1.7730176581955253e-05
523,TOI-2587Ab,1.594972967490653e-05
524,TOI-4145Ab,2.7273328681927478e-05
525,HD23472f,6.247373154345619e-06
526,HD207496b,4.258050010917461e-06
527,HD23472c,6.118547500858789e-06
528,TOI-1937Ab,4.8857816031724706e-05
529,TOI-2803Ab,3.099823720164952e-05
530,TOI-2842b,3.34232203810207e-05
531,K2-415b,1.997422250752352e-05
532,TOI-913b,8.779595439537662e-06
533,TOI-2977b,2.5652801373978513e-05
534,TOI-444b,6.364816826242756e-06
535,TOI-470b,1.5180769984448585e-05
536,TOI-836b,6.039976323404858e-06
537,TOI-1416b,1.0316365024244705e-05
538,TOI-2459b,6.538617710232906e-06
539,TOI-3023b,1.5791609518562574e-05
540,TOI-3082b,1.9767511013785658e-05
541,TOI-3912b,2.6953423172979976e-05
542,TOI-4551b,6.088288633603132e-06
543,TOI-858Bb,1.4950017685602361e-05
544,HD183579b,4.969309450508483e-06
545,HD1397b,1.8287026438930585e-06
546,NGTS-12b,1.771928384299546e-05
547,TOI-2570b,2.8784073025584465e-05
548,TOI-778b,6.349069531268683e-06
549,TOI-1694b,1.4390952602346412e-05
550,TOI-2443b,3.788394632602825e-06
551,TOI-1452b,1.983579518922349e-05
552,TOI-1516b,1.709211019558848e-05
553,TOI-1431b,5.573082723292504e-06
554,HATS-38b,2.637123380503005e-05
555,K2-36c,2.358778580275606e-05
556,TOI-4600b,1.6492316722427928e-05
557,TOI-1181b,1.2417442404422835e-05
558,HAT-P-58b,2.3550184379712334e-05
559,K2-329b,2.4766764981092885e-05
560,TOI-5678b,1.0595187213558178e-05
561,TOI-620b,1.3409260808921206e-05
562,TOI-5344b,4.670434696027637e-05
563,HD73583b,6.311213463314118e-06
564,WASP-77Ab,1.220504436102229e-05
565,LTT9779b,7.503807468047582e-06
566,TOI-3364b,1.3816639876204158e-05
567,TOI-1634b,2.1479438664024947e-05
568,TOI-4641b,2.837105445859281e-06
569,TRAPPIST-1d,5.047733594762566e-05
570,TRAPPIST-1h,4.044000115006525e-05
571,TOI-244b,1.1482631763748577e-05
572,TOI-544b,1.3346174579421016e-05
573,HD110067b,3.847174538430913e-06
574,HD110067c,3.516407892379867e-06
575,HD110067d,3.463835707674979e-06
576,HD110067f,2.9779885318946744e-06
577,TOI-1442b,2.250225938900164e-05
578,TOI-622b,5.933272250916651e-06
579,K2-138f,2.147894006166499e-05
580,TRAPPIST-1c,5.442994563064197e-05
581,TOI-122b,3.083624772545805e-05
582,TOI-5126b,9.4260462196323e-06
583,TOI-500b,1.4230950287625832e-05
584,TOI-1107b,1.1776880605119278e-05
585,K2-370b,1.3354886405859562e-05
586,HD28109d,4.276250748488272e-06
587,HD110082b,7.221336018465075e-06
588,TOI-3714b,4.552969499479573e-05
589,TOI-3629b,3.5820353627732456e-05
590,TOI-1194b,1.9236770008323467e-05
591,TOI-5398b,8.714285577096731e-06
592,TOI-5398c,1.016882272093249e-05
593,TOI-1670c,7.680583763052286e-06
594,K2-3b,1.0964879732095079e-05
595,GJ367b,7.2504287652449265e-06
596,K2-174b,1.2385455404476944e-05
597,TOI-628b,9.485333400780431e-06
598,TOI-712b,1.2884871139779669e-05
599,WASP-193b,1.9934339433458618e-05
600,TOI-1064c,1.1410095712260385e-05
601,TOI-1842b,7.40470065625192e-06
602,Kepler-1517b,1.5019698330976151e-05
603,TOI-1231b,8.866947498257013e-06
604,Qatar-6b,1.9375712418295282e-05
605,TOI-559b,1.2217648071834666e-05
606,Kepler-63b,1.9742208058826723e-05
607,K2-399b,2.826121933603145e-05
608,MASCARA-1b,4.949958956892458e-06
609,HD152843b,4.396100463754528e-06
610,WASP-189b,2.2207604765819038e-06
611,K2-403b,2.422137142070154e-05
612,TOI-2193Ab,3.0498861440797555e-05
613,TOI-1260b,1.6635994703878475e-05
614,TOI-1260d,1.336863426297219e-05
615,GPX-1b,3.593406152267432e-05
616,WASP-184b,2.6538862726238656e-05
617,NGTS-9b,4.210322061036901e-05
618,WASP-171b,3.134926166680066e-05
619,TOI-4137b,1.7515924588092995e-05
620,TOI-1468c,1.1438016115861187e-05
621,TOI-2567b,1.981240139958332e-05
622,TOI-1899b,2.412937198685986e-05
623,TOI-1468b,1.1438016115861187e-05
624,TOI-2236b,1.7953499105054634e-05
625,TOI-3331Ab,2.432418295807856e-05
626,TOI-3540Ab,2.1161502170306236e-05
627,TOI-1288b,1.2391756921795604e-05
628,NGTS-24b,3.625900673217674e-05
629,TOI-1136f,5.884119218839673e-06
630,CoRoT-36b,3.50811608946543e-05
631,HATS-61b,2.7352140108832937e-05
632,TOI-3362b,1.4680329146759226e-05
633,TOI-2134b,3.6116106167758337e-06
634,HD3167c,4.300772711657265e-06
635,HD3167b,7.073008723475276e-06
636,TOI-2046b,2.133397646813786e-05
637,TOI-954b,8.514743402472032e-06
638,TOI-181b,1.6292229761633336e-05
639,TOI-1811b,2.2276052829661803e-05
640,TOI-2145b,4.192926365580944e-06
641,TOI-2152Ab,1.273377526946887e-05
642,TOI-1246b,1.8579124373194126e-05
643,HD15906c,7.586287612814372e-06
644,TOI-2497b,5.095788618217675e-06
645,TOI-2445b,3.044715872223372e-05
646,TOI-1422b,1.0620260316780784e-05
647,TOI-2154b,1.8568662812340663e-05
648,HAT-P-60b,6.576725732769985e-06
649,TOI-1386b,9.142279558718607e-06
650,K2-39b,7.958898404754569e-06
651,Kepler-444e,4.692502896497724e-06
652,Kepler-102e,1.3643695883094607e-05
653,TOI-615b,1.277918050267738e-05
654,K2-24c,8.01837555698135e-06
655,Wolf503b,1.0589249302409071e-05
656,K2-79b,1.655995932508116e-05
657,K2-99b,6.9886969677668446e-06
658,K2-32d,1.3773403809831198e-05
659,TOI-942b,1.8344398743911224e-05
660,HD221416b,3.1144502899967003e-06
661,K2-32b,1.6304918819572257e-05
662,K2-129b,1.2334432211019511e-05
663,TOI-2136b,1.629727273728397e-05
664,HD15337c,6.115944635727476e-06
665,WASP-187b,7.651397226019898e-06
666,TOI-4406b,1.5611243057733472e-05
667,TOI-2338b,2.578283765895331e-05
668,K2-353b,2.2450837719252416e-05
669,TOI-1411b,5.845765720294398e-06
670,NGTS-13b,2.3591415434231322e-05
671,K2-280b,1.6850250166177744e-05
672,HD93963Ac,7.603081641433049e-06
673,HATS-37Ab,2.3156176786317295e-05
674,K2-33b,1.8312143579285326e-05
675,TOI-251b,1.1166708784955017e-05
676,TOI-1268b,9.82655074357852e-06
677,K2-139b,1.3241085198250482e-05
678,Gaia-1b,3.373980862067578e-05
679,HATS-12b,2.1333694293779035e-05
680,K2-52b,2.4918890133471544e-05
681,K2-406b,7.377721940529503e-06
682,K2-24b,9.099906734410104e-06
683,K2-32c,1.4600315832376624e-05
684,TOI-1601b,8.913158712152378e-06
685,WASP-185b,1.2740515170103193e-05
686,K2-287b,1.2481672795230755e-05
687,Kepler-470b,6.184596254993749e-06
688,K2-289b,2.1089844271141423e-05
689,HATS-9b,3.7065531998656525e-05
690,WASP-163b,2.7436666000136425e-05
691,TOI-540b,1.3201438144605354e-05
692,TOI-1693b,1.0509586466398467e-05
693,NGTS-8b,4.529169297523775e-05
694,K2-405b,2.5441405880408417e-05
695,TOI-532b,4.01810539352702e-05
696,GJ3929b,1.3529696712440097e-05
