Wavelength [um],ESM,TSM,RSM
0.55,0.005971638668166836,21.85087063056587,10.541829502912105
0.7,0.1391666646715244,32.36679693845146,15.615178939517461
0.95,2.4642669451444625,47.82023965829143,23.070605368050234
1.12125,2.3398984212967653,17.57589591348002,8.47939202118821
1.16375,2.8540333731193144,17.23064395080544,8.312827155760376
1.20625,3.4228271188710253,16.87842784379318,8.142902478108914
1.24875,4.043536171487809,16.522791088320574,7.971327527867952
1.29125,4.712696816063862,16.166559297459912,7.799465506154407
1.33375,5.426283315507424,15.811971812276818,7.628396770456633
1.37625,6.1798595616468255,15.460789749732317,7.458970961736385
1.41875,6.968718947988705,15.11438455598425,7.291849726470493
1.46125,7.7880092475915195,14.77381050907285,7.127541695163285
1.50375,8.632840880321783,14.439864048905237,6.966431105763542
1.54625,9.49837816801739,14.113132318323665,6.808801222029561
1.58875,10.379914049456973,13.794032877948945,6.654853493731751
1.63125,11.272929315766014,13.48284620428751,6.504723235181396
1.67375,12.173137788281744,13.179742287516493,6.358492457182315
1.71625,13.076519047863014,12.88480240395739,6.216200371038181
1.75875,13.97934038307804,12.59803694041237,6.077851987803216
1.80125,14.878169592642175,12.319399985937743,5.943425158001143
1.84375,15.769880185255419,12.048801274918853,5.812876333494416
1.88625,16.651650391009273,11.78611595808344,5.686145281454608
1.92875,17.520957250299986,11.531192590849976,5.563158938296077
1.95975,10.035038920755431,6.2770960039583406,3.028349623496264
1.97925,10.250056139209885,6.21520589278953,2.9984910878393265
1.99875,10.4630923947175,6.1541737126018745,2.9690464561536087
2.01825,10.674056075690443,6.093988968530232,2.9400106652505156
2.03775,10.882861744030127,6.034640971109986,2.91137855805803
2.05725,11.089429950309427,5.9761188724948155,2.8831449010937735
2.07675,11.293687045218409,5.918411699313183,2.8553044003164354
2.09625,11.495564988382343,5.861508382451763,2.827851715494616
2.11575,11.695001155543567,5.805397784024002,2.800781473217661
2.13525,11.891938145012872,5.750068721767382,2.77408827866598
2.15475,12.086323584192542,5.695509991086578,2.747766726245648
2.17425,12.278109936885313,5.641710384941426,2.721811409183239
2.19375,12.467254312034157,5.588658711766574,2.6962169281710646
2.21325,12.653718274452293,5.536343811589122,2.670977899143035
2.23275,12.837467658034095,5.484754570496474,2.646088960254597
2.25225,13.018472381884802,5.433879933598703,2.62154477813635
2.27175,13.196706269736838,5.383708916612306,2.597340053482566
2.29125,13.372146872971683,5.334230616183714,2.573469526031707
2.31075,13.544775297517171,5.2854342190609085,2.549927978991223
2.33025,13.714576034850705,5.2373090102144815,2.526710242955506
2.34975,13.881536797285579,5.189844379995948,2.5038111993593843
2.36925,14.045648357692034,5.143029830418431,2.4812257835081977
2.38875,14.206904393772431,5.096854980637714,2.458948987222104
2.40825,14.365301336966976,5.051309571700781,2.4369758611269847
2.42775,14.520838226052101,5.006383470627791,2.415301516623771
2.44725,14.673516565469384,4.962066673887986,2.3939211275653722
2.46675,14.823340188387789,4.918349310320289,2.3728299316657075
2.48625,14.970315124500294,4.8752216435512645,2.3520232316662355
2.50575,15.114449472526887,4.832674073954492,2.33149639628124
2.52525,15.25575327738575,4.790697140193518,2.3112448609422214
2.54475,15.394238411980524,4.749281520386726,2.2912641283598814
2.56425,15.529918463539914,4.708418032929247,2.27154976892065
2.58375,15.662808624436284,4.66809763700419,2.252097420933322
2.60325,15.792925587401044,4.628311432812759,2.232902790740078
2.62275,15.92028744504798,4.589050661550398,2.2139616527049792
2.64225,16.044913593609234,4.550306705153892,2.1952698490919507
2.66175,16.166824640782703,4.512071085841848,2.1768232898430946
2.68125,16.286042317591335,4.47433546547085,2.158617952268069
2.70075,16.402589394137635,4.437091644723745,2.1406498806524783
2.72025,16.51648959915439,4.400331562150691,2.1229151857952386
2.73975,16.627767543235485,4.364047293077667,2.1054100444819888
2.75925,16.736448645629487,4.328231048395899,2.0881306989010566
2.77875,16.842559064492633,4.292875173248309,2.071073456009747
2.79825,16.946125630483525,4.257972145624016,2.054234686856264
2.81775,17.04717578358192,4.223514574870935,2.0376108258621217
2.83725,17.14573751302985,4.189495200139424,2.0211983700712937
2.85675,17.24183930027798,4.155906888764734,2.0049938783698327
2.87625,17.335510064828046,4.122742634596976,1.9889939706801731
2.89575,17.426779112863493,4.089995556286453,1.9731953271339
2.91525,17.515676088569116,4.0576588955331125,1.9575946872272052
2.93475,17.602230928025552,4.025726015304163,1.9421888489609898
2.95425,17.686473815582154,3.9941903980271207,1.9269746679691058
2.97375,17.768435142614365,3.9630456437648633,1.9119490566379242
2.99325,17.848145468556883,3.932285468374962,1.8971089832183134
3.01275,17.92563548412884,3.9019037016601423,1.8824514709333404
3.03225,18.000935976653903,3.8718942855127594,1.867973597083082
3.05175,18.074077797387623,3.842251272057274,1.8536724921484744
3.07125,18.145091830765423,3.812968821794066,1.8395453388958056
3.09075,18.214008965487196,3.7840412017475344,1.8255893714832767
3.11025,18.280860067357622,3.755462783621251,1.811801874570967
3.12975,18.345675953803273,3.7272280419625528,1.7981801824353496
3.14925,18.408487369990993,3.6993315523387906,1.7847216780894366
3.16875,18.469324966474172,3.6717679895272117,1.7714237924094942
3.18825,18.528219278294742,3.6445321257199024,1.7582840032690306
3.20775,18.585200705478293,3.617618828746456,1.7452998346813295
3.22725,18.640299494845685,3.591023060313547,1.7324688559501447
3.24675,18.693545723090224,3.564739874265081,1.7197886808303184
3.26625,18.744969281054228,3.5387644148628636,1.7072569666982989
3.28575,18.794599859140813,3.5130919150876476,1.6948714137324916
3.30525,18.842466933815814,3.4877176949634916,1.6826297641048544
3.32475,18.88859975514049,3.4626371599050083,1.6705298011835374
3.34425,18.933027335277536,3.437845799087086,1.6585693487463642
3.36375,18.97577843793226,3.4133391838396547,1.6467462702063949
3.38325,19.01688156867403,3.389112966066545,1.6350584678491151
3.40275,19.05636496609269,3.365162876688805,1.623503882081422
3.42225,19.09425659374594,3.3414847241126795,1.612080490692509
3.44175,19.130584132863344,3.318074392723728,1.6007863081273632
3.46125,19.16537497575535,3.294927841405135,1.58961938477193
3.48075,19.198656219894932,3.2720411020813285,1.5785778062504927
3.50025,19.23045466264071,3.249410278287833,1.5676596927357043
3.51975,19.260796796555493,3.227031543765402,1.5568631982703351
3.53925,19.289708805292467,3.2049011410793353,1.546186510101171
3.55875,19.31721656002309,3.1830153802648526,1.5356278480254797
3.57825,19.34334561636322,3.1613706374961734,1.5251854637489177
3.59775,19.36812121178012,3.1399633537811074,1.5148576402557425
3.61725,19.391568263446697,3.1187900336799346,1.504642691190742
3.63675,19.41371136651841,3.0978472440486575,1.4945389602529253
3.65625,19.434574792807368,3.077131612806333,1.484544820600828
3.67575,19.454182489830114,3.0566398277262783,1.474658674269337
3.69525,19.472558080204543,3.036368635250612,1.4648789515977716
3.71475,19.48972486137877,3.016314839328527,1.4552041106694156
3.73425,19.505705805665407,2.9964753002770865,1.445632636761914
3.75375,19.520523560563177,2.9768469336644667,1.4361630418085007
3.77325,19.5342004493544,2.957426709216436,1.4267938638704352
3.79275,19.546758471948895,2.9382116497439372,1.4175236666196196
3.81225,19.55821930596325,2.9191988300923333,1.4083510388316696
3.83175,19.568604308025048,2.900385376112824,1.39927459388968
3.85125,19.577934515275587,2.881768463653965,1.3902929692976878
3.87075,19.586230647061875,2.8633453175737764,1.3814048262040703
3.89025,19.593513106812235,2.8451132107732167,1.3726088489352504
3.965,50.645716822866596,7.171388679989269,3.4597960896720106
4.095,50.648619788530155,6.881098186530127,3.3197470756028973
4.225,50.559511009183126,6.609522851340151,3.188727084263779
4.355,50.3905531564041,6.355053137252269,3.06595960351101
4.485,50.152583071183216,6.1162482584574915,2.950749534343485
4.615,49.85522690062712,5.891815848031466,2.842473381615309
4.745,49.50701388829846,5.680594306275588,2.7405707380923574
4.875,49.11548547097862,5.481537463940043,2.6445368853105826
5.005,48.687297706788094,5.293701241269617,2.553916357307787
5.135,48.22831600424727,5.116232026748287,2.468297334014382
5.265,47.743701759733064,4.948356537732704,2.3873067495731046
5.395,47.23799093046067,4.789372958786919,2.3106060170785008
5.525,46.71516483604033,4.638643182706448,2.2378872853026723
5.655,46.178713640486855,4.495586004353945,2.1688701550996217
5.785,45.6316930517347,4.359671138969994,2.1032987935729732
5.915,45.07677481115817,4.2304139550275295,2.0409393929712443
6.045,44.51629154825545,4.107370827393799,1.9815779288470001
6.175,43.95227655741933,3.9901350299337195,1.9250181784664686
6.305,43.38649902286518,3.8783330980729604,1.8710799659485815
6.435,42.820495180059595,3.771621601538502,1.8195976052918277
6.565,42.25559586118095,3.669684275758026,1.7704185164340418
6.695,41.69295083083936,3.572229467449379,1.7234019928914222
6.825,41.13355027811043,3.47898785595205,1.6784181024277334
6.955,40.57824379287263,3.389710416999634,1.635346704687796
7.085,40.02775711904487,3.3041666000394327,1.5940765718555918
7.215,39.482706944866955,3.2221426939855373,1.5545046002210385
7.345,38.943613960889074,3.143440359537938,1.5165351021056095
7.475,38.410914389768635,3.06787530899219,1.4800791689439394
7.605,37.88497016820773,2.9952761168726125,1.4450540974805086
7.735,37.36607794013855,2.925483146797832,1.4113828720419674
