,Planet Name,Reference,Notes,Planet Period [days],Planet Mass [Mjup],Mass Error Upper (Mjup),Mass Error Lower (Mjup),Planet Radius [Rjup],Radius Error Upper (Rjup),Radius Error Lower (Rjup),Star Temperature [K],Teff Error Upper (K),Teff Error Lower (K),Mass star (Msun),Mass star Error Upper (Msun),Mass star Error Lower (Msun),Star Radius [Rs],Radius star Error Upper (Rsun),Radius star Error Lower (Rsun),eccentricity,eccentricity Error Upper,eccentricity Error Lower,Fe/H,Fe/H Error Upper,Fe/H Error Lower,Star Distance [pc],distance Error Upper (pc),distance Error Lower (pc),inclination,inclination Error Upper,inclination Error Lower,Planet Semi-major Axis [au],Planet Semi-major Axis Error Upper [au],Planet Semi-major Axis Error Lower [au],Transit Duration [hrs],Transit Duration Error Upper [days],Transit Duration Error Lower [days],Eclipse Duration [hrs],Eclipse Duration Error Upper (days),Eclipse Duration Error Lower (days),Kmag,Mean Molecular Weight,Planet Albedo,Planet Geometric Albedo,Heat Redistribution Factor
0,HIP-33609b,[31],bright - also ~150 Myr . BD is large. B star host,39.47,68.0,7.4,7.1,1.58,0.07,0.07,10400.0,800.0,660.0,2.38,0.1,0.1,1.86,0.09,0.08,0.56,0.029,0.031,-0.01,0.19,0.2,20.0,0.0,0.0,0.0,0.0,0.0,0.3058,0.0042,0.0041,6.4704,0.0008,0.0008,8.184000000000001,0.031,0.028,7.28,2.3,0.2,0.25,0.8
1,TOI-4603b,[1],tier 2,7.25,12.9,0.58,0.57,1.04,0.04,0.04,6264.0,95.0,94.0,1.77,0.06,0.06,2.74,0.05,0.05,0.325,0.02,0.02,0.34,0.04,0.04,225.643,2.484,2.432,80.21,0.39,0.41,0.0888,0.001,0.001,2.8536,0.0022,0.0022,2.8536,0.0,0.0,7.786,2.3,0.2,0.25,0.8
2,TOI-2119b,[27],,7.2,64.4,2.3,2.2,1.08,0.03,0.03,3621.0,48.0,46.0,0.53,0.02,0.02,0.5,0.02,0.02,0.337,0.002,0.001,0.06,0.08,0.08,20.0,0.0,0.0,88.42,0.1,0.1,0.0611,0.0009,0.0009,0.61416,0.00045,0.00043,0.5808,0.0019,0.002,8.139,2.3,0.2,0.25,0.8
3,TOI-569b,[15],,6.56,64.1,1.9,1.4,0.75,0.02,0.02,5768.0,110.0,92.0,1.21,0.05,0.05,1.48,0.03,0.03,0.002,0.002,0.001,0.29,0.09,0.08,20.0,0.0,0.0,85.37,0.13,0.13,0.07428,0.00059,0.00059,0.5136,0.0015,0.0013,0.5136,0.0,0.0,8.444,2.3,0.2,0.25,0.8
4,TOI-503b,[17],,3.68,53.7,1.2,1.2,1.34,0.26,0.15,7650.0,140.0,160.0,1.8,0.06,0.06,1.7,0.05,0.04,0.0,0.0,0.0,0.3,0.08,0.09,20.0,0.0,0.0,83.35,0.41,0.41,0.05727,0.00063,0.00063,1.8408000000000002,0.0012,0.0011,1.8408000000000002,0.0,0.0,8.895,2.3,0.2,0.25,0.8
5,KELT-1b,[7][8],tier 3,1.22,27.4,0.9,0.9,1.13,0.03,0.03,6516.0,49.0,49.0,1.34,0.06,0.06,1.47,0.05,0.04,0.01,0.01,0.007,0.05,0.08,0.08,268.43,3.057,2.989,86.8,0.8,0.8,1.217514,1.5e-05,1.5e-05,2.76456,0.00066,0.00058,2.7888,0.0026,0.0017,9.437,2.3,0.2,0.25,0.8
6,TOI-1278b,[3],,14.48,18.5,0.5,0.5,1.09,0.24,0.2,3799.0,42.0,42.0,0.55,0.02,0.02,0.57,0.01,0.01,0.013,0.004,0.004,-0.01,0.28,0.28,20.0,0.0,0.0,88.3,0.1,0.1,0.095,0.001,0.001,1.6176,0.0041,0.0041,1.6176,0.0,0.0,9.735,2.3,0.2,0.25,0.8
7,EPIC212036875b,[13][16],,5.17,52.3,1.9,1.9,0.87,0.02,0.02,6238.0,59.0,60.0,1.29,0.07,0.06,1.5,0.03,0.03,0.132,0.004,0.004,0.01,0.1,0.1,20.0,0.0,0.0,0.0,0.0,0.0,0.06,0.003,0.003,2.17008,0.00042,0.00042,2.17008,0.0,0.0,9.744,2.3,0.2,0.25,0.8
8,TOI-852b,[18],,4.95,53.7,1.4,1.3,0.83,0.04,0.04,5768.0,84.0,81.0,1.32,0.05,0.04,1.71,0.04,0.04,0.004,0.004,0.003,0.33,0.09,0.09,20.0,0.0,0.0,84.35,0.3,0.3,0.063,0.00077,0.00073,0.384,0.0013,0.0013,0.384,0.0,0.0,9.88,2.3,0.2,0.25,0.8
9,TOI-811b,[18],,25.17,59.9,13.0,8.6,1.26,0.06,0.06,6107.0,77.0,77.0,1.32,0.05,0.07,1.27,0.06,0.09,0.509,0.075,0.075,0.4,0.07,0.09,20.0,0.0,0.0,89.27,0.44,0.44,0.1874,0.0026,0.0035,0.4536,0.0018,0.0014,0.4536,0.0,0.0,10.076,2.3,0.2,0.25,0.8
10,WASP-30b,[24],,4.16,62.5,1.2,1.2,0.96,0.03,0.03,6202.0,42.0,51.0,1.25,0.03,0.04,1.39,0.03,0.03,0.004,0.0,0.0,0.08,0.07,0.05,20.0,0.0,0.0,0.0,0.0,0.0,0.05325,0.00039,0.00039,3.8280000000000003,0.0017,0.0017,3.8280000000000003,0.0,0.0,10.199,2.3,0.2,0.25,0.8
11,TOI-2490b,,eccentric orbit (e=0.8),60.33,73.6,2.4,2.4,1.0,0.02,0.02,5558.0,80.0,80.0,1.0,0.03,0.02,1.11,0.012,0.012,0.78,0.0,0.0,0.32,0.05,0.05,267.75,0.97,0.97,89.2,0.03,0.03,0.3081,0.0051,0.0051,7.924799999999999,0.0023,0.0022,7.924799999999999,0.0,0.0,10.2,2.3,0.2,0.25,0.8
12,CWW89Ab,[12][13],,5.29,39.2,1.1,1.1,0.94,0.02,0.02,5755.0,49.0,49.0,1.1,0.05,0.05,1.03,0.02,0.02,0.189,0.002,0.002,0.2,0.09,0.09,20.0,0.0,0.0,0.0,0.0,0.0,0.0651,0.0019,0.0019,3.2832,0.0035,0.0035,3.2832,0.0,0.0,10.666,2.3,0.2,0.25,0.8
13,TOI-1406b,[15],,10.57,46.0,2.6,2.7,0.86,0.03,0.03,6290.0,100.0,100.0,1.18,0.08,0.09,1.35,0.03,0.03,0.026,0.013,0.01,-0.08,0.09,0.09,20.0,0.0,0.0,87.7,0.2,0.2,0.101,0.0022,0.0026,0.43199999999999994,0.0016,0.0014,0.43199999999999994,0.0,0.0,10.675,2.3,0.2,0.25,0.8
14,NGTS-28Ab,[29],,1.25,67.7,5.4,4.9,0.97,0.05,0.05,3626.0,47.0,44.0,0.56,0.02,0.02,0.59,0.03,0.03,0.041,0.005,0.008,-0.14,0.16,0.17,20.0,0.0,0.0,0.0,0.0,0.0,0.0202,0.0011,0.0011,1.3403999999999998,0.00043,0.00038,1.3403999999999998,0.0,0.0,10.832,2.3,0.2,0.25,0.8
15,WASP-128b,[11],,2.21,37.2,0.8,0.9,0.96,0.02,0.02,5950.0,50.0,50.0,1.16,0.04,0.04,1.15,0.02,0.02,0.007,0.0,0.0,0.01,0.12,0.12,20.0,0.0,0.0,0.0,0.0,0.0,0.0359,0.00038,0.0004,2.7096,0.00048,0.00044,2.7096,0.0,0.0,10.942,2.3,0.2,0.25,0.8
16,GPX-1b,[4],tier 2,1.74,19.7,1.6,1.6,1.47,0.1,0.1,7000.0,200.0,200.0,1.68,0.1,0.1,1.56,0.1,0.1,0.0,0.0,0.0,0.35,0.1,0.1,655.013,17.102,16.269,79.9,0.7,0.6,0.0338,0.0003,0.0003,2.088,0.002,0.002,2.088,0.0,0.0,11.181,2.3,0.2,0.25,0.8
17,CoRoT-3b,[6],tier 1,4.26,21.7,1.0,1.0,1.08,0.05,0.05,6740.0,140.0,140.0,1.37,0.09,0.09,1.56,0.09,0.09,0.0,0.0,0.0,-0.02,0.06,0.06,768.771,30.791,28.545,85.9,0.8,0.8,0.05783,0.00085,0.00085,3.3839999999999995,0.001,0.0008,3.3839999999999995,0.0,0.0,11.618,2.3,0.2,0.25,0.8
18,NGTS-19b,[33],,17.84,69.5,5.7,5.4,1.03,0.06,0.05,4716.0,39.0,28.0,0.81,0.04,0.04,0.9,0.04,0.04,0.377,0.006,0.006,0.11,0.07,0.07,20.0,0.0,0.0,0.0,0.0,0.0,0.1296,0.0074,0.0072,4.2504,0.0032,0.0031,4.2504,0.0,0.0,11.696,2.3,0.2,0.25,0.8
19,HATS-70b,[2],tier 1,1.89,12.9,1.8,1.6,1.38,0.08,0.07,7930.0,630.0,820.0,1.78,0.12,0.12,1.88,0.06,0.07,0.18,0.0,0.0,0.04,0.1,0.11,1458.83,68.6,62.81,86.7,1.6,1.9,0.03632,0.00074,0.00087,3.6239999999999997,0.0049,0.0048,3.6239999999999997,0.0,0.0,12.04,2.3,0.2,0.25,0.8
20,KOI-415b,[23],"""rotating varable""",166.79,62.1,2.7,2.7,0.86,0.03,0.03,5810.0,80.0,80.0,0.94,0.06,0.06,1.25,0.15,0.1,0.698,0.002,0.002,-0.24,0.11,0.11,20.0,0.0,0.0,0.0,0.0,0.0,0.593,0.013,0.013,6.009600000000001,0.0046,0.0029,6.009600000000001,0.0,0.0,12.661,2.3,0.2,0.25,0.8
21,CoRoT-34b,[35],,2.12,71.4,8.9,8.6,1.09,0.17,0.16,7820.0,160.0,160.0,1.66,0.08,0.15,1.85,0.29,0.25,0.0,0.0,0.0,-0.2,0.2,0.2,20.0,0.0,0.0,0.0,0.0,0.0,0.03874,0.00081,0.00081,2.0208,0.005,0.0046,2.0208,0.0,0.0,12.68,2.3,0.2,0.25,0.8
22,KOI-205b,[14],,11.72,39.9,1.0,1.0,0.87,0.02,0.02,5237.0,60.0,60.0,0.93,0.03,0.03,0.84,0.02,0.02,0.031,0.0,0.0,0.14,0.12,0.12,20.0,0.0,0.0,0.0,0.0,0.0,0.0987,0.0013,0.0013,3.0696000000000003,0.0062,0.0062,3.0696000000000003,0.0,0.0,12.705,2.3,0.2,0.25,0.8
23,CoRoT-33b,[20],grazing transit,5.82,59.0,1.8,1.7,1.1,0.53,0.53,5225.0,80.0,80.0,0.86,0.04,0.04,0.94,0.14,0.08,0.07,0.002,0.002,0.44,0.1,0.1,20.0,0.0,0.0,0.0,0.0,0.0,0.0579,0.0,0.0,1.3992,0.0,0.0,1.3992,0.0,0.0,12.71,2.3,0.2,0.25,0.8
24,EPIC201702477b,[30],,40.74,66.9,1.7,1.7,0.83,0.04,0.04,5517.0,70.0,70.0,0.87,0.03,0.03,0.9,0.06,0.06,0.228,0.003,0.003,-0.16,0.05,0.05,20.0,0.0,0.0,0.0,0.0,0.0,0.2265,0.0026,0.0026,4.0392,0.0054,0.0054,4.0392,0.0,0.0,12.766,2.3,0.2,0.25,0.8
25,Kepler-39b,[5],,21.09,20.1,1.3,1.2,1.07,0.03,0.03,6350.0,100.0,100.0,1.29,0.06,0.07,1.4,0.1,0.1,0.112,0.057,0.057,0.1,0.14,0.14,20.0,0.0,0.0,0.0,0.0,0.0,0.164,0.003,0.003,5.95992,0.00083,0.00083,5.95992,0.0,0.0,12.918,2.3,0.2,0.25,0.8
26,TOI-263b,[21][22],Near the faint limit,0.56,61.6,4.0,4.0,0.91,0.07,0.07,3471.0,33.0,33.0,0.44,0.04,0.04,0.44,0.03,0.03,0.017,0.009,0.01,0.0,0.1,0.1,20.0,0.0,0.0,87.0,1.6,1.6,0.0098,0.0007,0.0008,0.9119999999999999,0.0007,0.0007,0.9119999999999999,0.0,0.0,13.246,2.3,0.2,0.25,0.8
27,CoRoT-15b,[26],too faint?,3.06,63.3,4.1,4.1,0.94,0.12,0.12,6350.0,200.0,200.0,1.32,0.12,0.12,1.46,0.31,0.14,0.0,0.0,0.0,0.1,0.2,0.2,20.0,0.0,0.0,0.0,0.0,0.0,0.045,0.014,0.01,3.24,0.004,0.004,3.24,0.0,0.0,13.389,2.3,0.2,0.25,0.8
